file,method,found_in_[245..255],cp_count,cp_list,window_size,m,r_mode,r_value,r_factor,threshold,extra
synthetic_experiment/stage_1/beta/beta.csv,SampEn,1,2,"250;262",60,7,adaptive,,0.330000,0.02,
synthetic_experiment/stage_1/beta/beta.csv,ApEn,1,7,"255;256;395;409;410;442;443",48,7,adaptive,,0.300000,0.024,
synthetic_experiment/stage_1/beta/beta.csv,DispEn,1,4,"247;249;289;837",112,2,NA,,,0.022,tau=1,classes=8
synthetic_experiment/stage_1/normal-weibull/normal-weibull.csv,SampEn,1,4,"97;128;247;262",40,6,adaptive,,0.490000,0.42,
synthetic_experiment/stage_1/normal-weibull/normal-weibull.csv,ApEn,1,4,"106;150;254;255",56,7,adaptive,,0.480000,0.06,
synthetic_experiment/stage_1/normal-weibull/normal-weibull.csv,BubbleEn,1,5,"117;155;252;755;878",120,4,NA,,,0.24,time_delay=3
synthetic_experiment/stage_1/normal-weibull/normal-weibull.csv,DispEn,1,1,"247",92,2,NA,,,0.02,tau=6,classes=4
synthetic_experiment/stage_1/normal-weibull/normal-weibull.csv,SlopeEn,1,1,"253",44,6,NA,,,0.02,gamma=1.4,delta=0
synthetic_experiment/stage_1/beta-exponential/beta-exponential.csv,SampEn,1,2,"249;318",76,3,adaptive,,0.060000,0.02,
synthetic_experiment/stage_1/beta-exponential/beta-exponential.csv,ApEn,1,3,"252;559;574",48,4,adaptive,,0.410000,0.24,
synthetic_experiment/stage_1/beta-exponential/beta-exponential.csv,BubbleEn,1,6,"254;307;326;346;742;767",96,7,NA,,,0.02,time_delay=5
synthetic_experiment/stage_1/beta-exponential/beta-exponential.csv,DispEn,1,1,"245",116,2,NA,,,0.0242,tau=6,classes=5
synthetic_experiment/stage_1/beta-exponential/beta-exponential.csv,SlopeEn,1,1,"252",48,6,NA,,,0.02,gamma=2,delta=0.2
synthetic_experiment/stage_1/normal-exponential/normal-exponential.csv,SampEn,1,10,"219;229;250;253;608;612;837;879;949;955",56,2,adaptive,,0.080000,0.56,
synthetic_experiment/stage_1/normal-exponential/normal-exponential.csv,ApEn,1,4,"59;63;247;248",64,7,adaptive,,0.440000,0.0484,
synthetic_experiment/stage_1/normal-exponential/normal-exponential.csv,BubbleEn,1,4,"246;607;809;970",48,4,NA,,,0.46,time_delay=1
synthetic_experiment/stage_1/normal-exponential/normal-exponential.csv,DispEn,1,1,"253",104,2,NA,,,0.022,tau=4,classes=5
synthetic_experiment/stage_1/normal-exponential/normal-exponential.csv,SlopeEn,1,16,"221;222;223;224;250;251;360;361;362;543;544;632;633;634;829;877",88,3,NA,,,0.02,gamma=1.4,delta=0.11
synthetic_experiment/stage_1/exponential-uniform/exponential-uniform.csv,SampEn,1,1,"249",60,2,adaptive,,0.350000,0.46,
synthetic_experiment/stage_1/exponential-uniform/exponential-uniform.csv,ApEn,1,1,"249",60,3,adaptive,,0.270000,0.24,
synthetic_experiment/stage_1/uniform-beta/uniform-beta.csv,SampEn,1,2,"208;247",48,2,adaptive,,0.070000,0.42,
synthetic_experiment/stage_1/uniform-beta/uniform-beta.csv,BubbleEn,1,8,"231;246;457;478;591;601;937;945",52,7,NA,,,0.02,time_delay=5
synthetic_experiment/stage_1/uniform-beta/uniform-beta.csv,DispEn,1,1,"253",120,2,NA,,,0.022,tau=4,classes=7
synthetic_experiment/stage_1/uniform-beta/uniform-beta.csv,SlopeEn,1,5,"250;251;559;560;561",48,6,NA,,,0.02,gamma=1.8,delta=0.1331
synthetic_experiment/stage_1/uniform-uniform/uniform-uniform.csv,ApEn,1,4,"254;420;569;717",40,3,adaptive,,0.230000,0.24,
synthetic_experiment/stage_1/uniform-uniform/uniform-uniform.csv,DispEn,1,1,"254",104,2,NA,,,0.04,tau=4,classes=9
synthetic_experiment/stage_1/uniform-uniform/uniform-uniform.csv,SlopeEn,1,14,"253;254;302;303;304;967;968;969;975;976;995;996;997;998",56,7,NA,,,0.02,gamma=1,delta=0.1
synthetic_experiment/stage_1/weibull/weibull.csv,SampEn,1,8,"131;145;157;166;252;284;663;669",52,3,adaptive,,0.110000,0.42,
synthetic_experiment/stage_1/weibull/weibull.csv,ApEn,1,2,"238;245",60,7,adaptive,,0.270000,0.08,
synthetic_experiment/stage_1/weibull/weibull.csv,BubbleEn,1,15,"236;247;277;283;284;307;309;347;321;324;341;347;355;897;925",64,7,NA,,,0.02,time_delay=3
synthetic_experiment/stage_1/weibull/weibull.csv,DispEn,1,4,"247;350;353;407",104,2,NA,,,0.0242,tau=3,classes=9
synthetic_experiment/stage_1/weibull/weibull.csv,SlopeEn,1,1,"249",48,6,NA,,,0.022,gamma=0.6,delta=0.2
synthetic_experiment/stage_1/beta-weibull/beta-weibull.csv,SampEn,1,2,"244;249",52,5,adaptive,,0.230000,0.42,
synthetic_experiment/stage_1/beta-weibull/beta-weibull.csv,ApEn,1,1,"255",40,6,adaptive,,0.270000,0.1,
synthetic_experiment/stage_1/beta-weibull/beta-weibull.csv,BubbleEn,1,17,"46;255;259;367;400;433;437;443;472;484;505;509;512;585;588;725;726",64,7,NA,,,0.24,time_delay=1
synthetic_experiment/stage_1/exponential/exponential.csv,ApEn,1,1,"248",44,2,adaptive,,0.040000,0.24,
synthetic_experiment/stage_1/exponential/exponential.csv,DispEn,1,11,"252;420;564;605;665;610;670;687;701;744;906",116,2,NA,,,0.02,tau=5,classes=10
synthetic_experiment/stage_1/exponential/exponential.csv,SlopeEn,1,2,"254;255",60,6,NA,,,0.02,gamma=2,delta=0.2
synthetic_experiment/stage_1/uniform/uniform.csv,SampEn,1,2,"250;278",76,3,adaptive,,0.100000,0.3,
synthetic_experiment/stage_1/uniform/uniform.csv,DispEn,1,1,"250",108,2,NA,,,0.02,tau=2,classes=4
synthetic_experiment/stage_1/uniform/uniform.csv,SlopeEn,1,22,"254;323;324;325;493;555;689;690;691;692;693;694;695;699;700;701;749;750;755;756;757;758",68,5,NA,,,0.02,gamma=1.6,delta=0.1
synthetic_experiment/stage_1/uniform-weibull/uniform-weibull.csv,SampEn,1,24,"52;53;64;65;66;67;60;61;74;86;87;88;224;232;243;244;245;522;523;805;813;814;824;825",40,3,adaptive,,0.210000,0.02,
synthetic_experiment/stage_1/uniform-weibull/uniform-weibull.csv,ApEn,1,2,"251;259",44,4,adaptive,,0.430000,0.38,
synthetic_experiment/stage_1/uniform-weibull/uniform-weibull.csv,BubbleEn,1,9,"231;247;435;440;547;559;664;677;958",56,7,NA,,,0.02,time_delay=6
synthetic_experiment/stage_1/uniform-weibull/uniform-weibull.csv,DispEn,1,9,"250;370;429;580;784;863;873;889;895",112,2,NA,,,0.02,tau=2,classes=10
synthetic_experiment/stage_1/uniform-weibull/uniform-weibull.csv,SlopeEn,1,7,"180;181;182;183;245;246;247",72,7,NA,,,0.022,gamma=0.8,delta=0.05
synthetic_experiment/stage_1/beta-uniform/beta-uniform.csv,SampEn,1,8,"125;149;232;243;247;249;645;675",40,5,adaptive,,0.260000,0.42,
synthetic_experiment/stage_1/beta-uniform/beta-uniform.csv,ApEn,1,4,"137;160;245;276",40,5,adaptive,,0.210000,0.08,
synthetic_experiment/stage_1/beta-uniform/beta-uniform.csv,BubbleEn,1,2,"237;250",104,6,NA,,,0.24,time_delay=6
synthetic_experiment/stage_1/beta-uniform/beta-uniform.csv,DispEn,1,5,"180;242;186;248;249",120,2,NA,,,0.044,tau=2,classes=9
synthetic_experiment/stage_1/beta-uniform/beta-uniform.csv,SlopeEn,1,1,"249",60,7,NA,,,0.02,gamma=0.8,delta=0.001
synthetic_experiment/stage_1/normal-uniform/normal-uniform.csv,SampEn,1,6,"252;258;314;319;877;892",40,2,adaptive,,0.070000,0.42,
synthetic_experiment/stage_1/normal-uniform/normal-uniform.csv,ApEn,1,8,"254;256;740;741;744;745;781;782",40,7,adaptive,,0.500000,0.04,
synthetic_experiment/stage_1/normal-uniform/normal-uniform.csv,DispEn,1,1,"248",116,2,NA,,,0.02,tau=1,classes=9
synthetic_experiment/stage_1/normal-uniform/normal-uniform.csv,SlopeEn,1,1,"254",84,6,NA,,,0.022,gamma=0.4,delta=0
synthetic_experiment/stage_1/exponential-beta/exponential-beta.csv,SampEn,1,2,"236;252",40,4,adaptive,,0.100000,0.68,
synthetic_experiment/stage_1/exponential-beta/exponential-beta.csv,ApEn,1,1,"248",44,4,adaptive,,0.100000,0.1,
synthetic_experiment/stage_1/exponential-beta/exponential-beta.csv,BubbleEn,1,18,"83;138;152;168;194;244;255;266;382;412;424;541;546;618;722;794;795;947",48,4,NA,,,0.46,time_delay=1
synthetic_experiment/stage_1/exponential-beta/exponential-beta.csv,DispEn,1,8,"63;140;195;255;204;208;209;211",116,2,NA,,,0.022,tau=1,classes=4
synthetic_experiment/stage_1/exponential-beta/exponential-beta.csv,SlopeEn,1,1,"246",56,6,NA,,,0.022,gamma=0.4,delta=0.1
synthetic_experiment/stage_1/uniform-normal/uniform-normal.csv,SampEn,1,2,"210;250",48,5,adaptive,,0.300000,0.02,
synthetic_experiment/stage_1/uniform-normal/uniform-normal.csv,ApEn,1,1,"255",52,6,adaptive,,0.270000,0.04,
synthetic_experiment/stage_1/uniform-normal/uniform-normal.csv,BubbleEn,1,4,"234;248;562;889",100,6,NA,,,0.24,time_delay=6
synthetic_experiment/stage_1/uniform-normal/uniform-normal.csv,DispEn,1,2,"229;249",116,2,NA,,,0.02,tau=3,classes=7
synthetic_experiment/stage_1/uniform-normal/uniform-normal.csv,SlopeEn,1,5,"255;256;412;413;414",80,7,NA,,,0.02,gamma=0.6,delta=0
synthetic_experiment/stage_1/exponential-weibull/exponential-weibull.csv,ApEn,1,3,"66;250;251",64,6,adaptive,,0.450000,0.24,
synthetic_experiment/stage_1/exponential-weibull/exponential-weibull.csv,DispEn,1,6,"249;387;395;396;739;941",120,3,NA,,,0.02,tau=4,classes=4
synthetic_experiment/stage_1/beta-normal/beta-normal.csv,SampEn,1,4,"141;157;254;294",64,7,adaptive,,0.490000,0.3,
synthetic_experiment/stage_1/beta-normal/beta-normal.csv,DispEn,1,14,"70;72;87;245;431;645;646;651;652;654;685;756;757;863",100,2,NA,,,0.022,tau=5,classes=6
synthetic_experiment/stage_1/beta-normal/beta-normal.csv,SlopeEn,1,3,"243;244;245",76,7,NA,,,0.022,gamma=0.8,delta=0
synthetic_experiment/stage_1/exponential-exponential/exponential-exponential.csv,SampEn,1,3,"167;252;818",68,3,adaptive,,0.370000,0.46,
synthetic_experiment/stage_1/exponential-exponential/exponential-exponential.csv,DispEn,1,7,"93;153;154;155;250;411;456",120,2,NA,,,0.02,tau=5,classes=4
synthetic_experiment/stage_1/exponential-exponential/exponential-exponential.csv,SlopeEn,1,4,"250;630;631;632",56,6,NA,,,0.022,gamma=1.8,delta=0.1
synthetic_experiment/stage_1/weibull-uniform/weibull-uniform.csv,SampEn,1,1,"250",60,2,adaptive,,0.350000,0.46,
synthetic_experiment/stage_1/weibull-uniform/weibull-uniform.csv,ApEn,1,1,"250",60,3,adaptive,,0.290000,0.24,
synthetic_experiment/stage_1/weibull-uniform/weibull-uniform.csv,DispEn,1,5,"250;767;828;829;773",120,2,NA,,,0.02,tau=2,classes=4
synthetic_experiment/stage_1/weibull-uniform/weibull-uniform.csv,SlopeEn,1,2,"253;254",64,6,NA,,,0.02,gamma=1,delta=0.05
synthetic_experiment/stage_1/normal-beta/normal-beta.csv,BubbleEn,1,19,"145;193;234;246;283;285;332;386;655;675;676;787;795;811;817;853;898;925;957",64,7,NA,,,0.24,time_delay=1
synthetic_experiment/stage_1/normal-beta/normal-beta.csv,DispEn,1,2,"247;276",116,2,NA,,,0.02,tau=2,classes=4
synthetic_experiment/stage_1/normal/normal.csv,ApEn,1,3,"234;247;836",52,3,adaptive,,0.230000,0.24,
synthetic_experiment/stage_1/normal/normal.csv,DispEn,1,3,"245;316;556",104,2,NA,,,0.02,tau=3,classes=10
synthetic_experiment/stage_1/normal/normal.csv,SlopeEn,1,2,"253;588",76,5,NA,,,0.02,gamma=1.8,delta=0
synthetic_experiment/stage_1/beta-beta/beta-beta.csv,SampEn,1,4,"220;249;783;800",40,7,adaptive,,0.500000,0.3,
synthetic_experiment/stage_1/beta-beta/beta-beta.csv,DispEn,1,3,"251;252;321",108,2,NA,,,0.02662,tau=4,classes=6
synthetic_experiment/stage_1/beta-beta/beta-beta.csv,SlopeEn,1,10,"56;249;250;276;277;278;279;396;397;431",44,5,NA,,,0.022,gamma=0.4,delta=0.2
synthetic_experiment/stage_1/weibull-weibull/weibull-weibull.csv,SampEn,1,11,"111;167;182;203;217;249;250;253;954;964;965",64,4,adaptive,,0.150000,0.42,
synthetic_experiment/stage_1/weibull-weibull/weibull-weibull.csv,ApEn,1,8,"130;163;170;183;201;219;248;984",64,5,adaptive,,0.140000,0.044,
synthetic_experiment/stage_1/weibull-weibull/weibull-weibull.csv,BubbleEn,1,23,"96;106;211;248;267;296;324;356;545;563;600;628;651;661;667;669;675;690;744;774;796;828;954",104,7,NA,,,0.02,time_delay=6
synthetic_experiment/stage_1/weibull-weibull/weibull-weibull.csv,DispEn,1,1,"251",116,2,NA,,,0.02662,tau=4,classes=9
synthetic_experiment/stage_1/weibull-weibull/weibull-weibull.csv,SlopeEn,1,17,"179;180;181;182;183;252;563;564;579;736;737;738;739;740;864;865;866",80,7,NA,,,0.02,gamma=1.6,delta=0
synthetic_experiment/stage_1/normal-normal/normal-normal.csv,BubbleEn,1,6,"48;249;404;580;588;976",92,6,NA,,,0.24,time_delay=5
synthetic_experiment/stage_1/normal-normal/normal-normal.csv,DispEn,1,1,"248",112,2,NA,,,0.02,tau=4,classes=4
synthetic_experiment/stage_1/normal-normal/normal-normal.csv,SlopeEn,1,3,"248;260;261",56,6,NA,,,0.02,gamma=2,delta=0.05
synthetic_experiment/stage_1/weibull-normal/weibull-normal.csv,SampEn,1,14,"51;67;177;209;241;250;340;346;482;513;894;906;908;918",48,2,adaptive,,0.040000,0.42,
synthetic_experiment/stage_1/weibull-normal/weibull-normal.csv,DispEn,1,2,"255;625",120,3,NA,,,0.0242,tau=6,classes=4
synthetic_experiment/stage_1/weibull-normal/weibull-normal.csv,SlopeEn,1,1,"254",88,4,NA,,,0.02,gamma=0.72,delta=0.1
synthetic_experiment/stage_1/weibull-beta/weibull-beta.csv,SampEn,1,2,"252;664",48,2,adaptive,,0.350000,0.48,
synthetic_experiment/stage_1/weibull-beta/weibull-beta.csv,BubbleEn,1,19,"43;44;59;65;68;72;81;84;86;98;120;250;277;445;549;589;634;925;942",68,7,NA,,,0.24,time_delay=1
synthetic_experiment/stage_1/weibull-beta/weibull-beta.csv,DispEn,1,7,"100;159;160;161;198;254;864",116,2,NA,,,0.02,tau=2,classes=9
synthetic_experiment/stage_1/uniform-exponential/uniform-exponential.csv,ApEn,1,4,"203;252;788;902",48,4,adaptive,,0.420000,0.24,
synthetic_experiment/stage_1/uniform-exponential/uniform-exponential.csv,BubbleEn,1,8,"251;252;662;671;773;797;927;928",60,7,NA,,,0.02,time_delay=5
synthetic_experiment/stage_1/uniform-exponential/uniform-exponential.csv,DispEn,1,3,"247;376;675",112,2,NA,,,0.024,tau=5,classes=8
synthetic_experiment/stage_1/exponential-normal/exponential-normal.csv,ApEn,1,4,"102;103;246;434",44,2,adaptive,,0.060000,0.24,
synthetic_experiment/stage_1/exponential-normal/exponential-normal.csv,DispEn,1,7,"247;492;609;638;891;911;917",96,2,NA,,,0.022,tau=4,classes=8
synthetic_experiment/stage_1/exponential-normal/exponential-normal.csv,SlopeEn,1,5,"254;255;356;357;358",56,5,NA,,,0.0322102,gamma=0.4,delta=0.2
synthetic_experiment/stage_1/weibull-exponential/weibull-exponential.csv,SampEn,1,6,"223;245;305;306;444;462",48,5,adaptive,,0.200000,0.42,
synthetic_experiment/stage_1/weibull-exponential/weibull-exponential.csv,ApEn,1,2,"249;302",52,4,adaptive,,0.170000,0.4,
synthetic_experiment/stage_1/weibull-exponential/weibull-exponential.csv,BubbleEn,1,11,"52;180;151;198;210;245;411;721;726;868;913",80,7,NA,,,0.022,time_delay=4
synthetic_experiment/stage_1/beta-beta/beta-beta.csv,SampEn,1,4,"220;249;783;800",40,7,adaptive,,0.500000,0.3
synthetic_experiment/stage_1/beta-exponential/beta-exponential.csv,SampEn,1,2,"249;318",76,3,adaptive,,0.060000,0.02
synthetic_experiment/stage_1/beta-normal/beta-normal.csv,SampEn,1,4,"141;157;254;294",64,7,adaptive,,0.490000,0.3
synthetic_experiment/stage_1/beta-uniform/beta-uniform.csv,SampEn,1,8,"125;149;232;243;247;249;645;675",40,5,adaptive,,0.260000,0.42
synthetic_experiment/stage_1/beta-weibull/beta-weibull.csv,SampEn,1,2,"244;249",52,5,adaptive,,0.230000,0.42
synthetic_experiment/stage_1/beta/beta.csv,SampEn,1,2,"250;262",60,7,adaptive,,0.330000,0.02
synthetic_experiment/stage_1/exponential-beta/exponential-beta.csv,SampEn,1,2,"236;252",40,4,adaptive,,0.100000,0.68
synthetic_experiment/stage_1/exponential-exponential/exponential-exponential.csv,SampEn,1,3,"167;252;818",68,3,adaptive,,0.370000,0.46
synthetic_experiment/stage_1/exponential-uniform/exponential-uniform.csv,SampEn,1,1,"249",60,2,adaptive,,0.350000,0.46
synthetic_experiment/stage_1/normal-exponential/normal-exponential.csv,SampEn,1,10,"219;229;250;253;608;612;837;879;949;955",56,2,adaptive,,0.080000,0.56
synthetic_experiment/stage_1/normal-uniform/normal-uniform.csv,SampEn,1,6,"252;258;314;319;877;892",40,2,adaptive,,0.070000,0.42
synthetic_experiment/stage_1/normal-weibull/normal-weibull.csv,SampEn,1,4,"97;128;247;262",40,6,adaptive,,0.490000,0.42
synthetic_experiment/stage_1/uniform-beta/uniform-beta.csv,SampEn,1,2,"208;247",48,2,adaptive,,0.070000,0.42
synthetic_experiment/stage_1/uniform-normal/uniform-normal.csv,SampEn,1,2,"210;250",48,5,adaptive,,0.300000,0.02
synthetic_experiment/stage_1/uniform-weibull/uniform-weibull.csv,SampEn,1,24,"52;53;64;65;66;67;60;61;74;86;87;88;224;232;243;244;245;522;523;805;813;814;824;825",40,3,adaptive,,0.210000,0.02
synthetic_experiment/stage_1/uniform/uniform.csv,SampEn,1,2,"250;278",76,3,adaptive,,0.100000,0.3
synthetic_experiment/stage_1/weibull-beta/weibull-beta.csv,SampEn,1,2,"252;664",48,2,adaptive,,0.350000,0.48
synthetic_experiment/stage_1/weibull-exponential/weibull-exponential.csv,SampEn,1,6,"223;245;305;306;444;462",48,5,adaptive,,0.200000,0.42
synthetic_experiment/stage_1/weibull-normal/weibull-normal.csv,SampEn,1,14,"51;67;177;209;241;250;340;346;482;513;894;906;908;918",48,2,adaptive,,0.040000,0.42
synthetic_experiment/stage_1/weibull-uniform/weibull-uniform.csv,SampEn,1,1,"250",60,2,adaptive,,0.350000,0.46
synthetic_experiment/stage_1/weibull-weibull/weibull-weibull.csv,SampEn,1,11,"111;167;182;203;217;249;250;253;954;964;965",64,4,adaptive,,0.150000,0.42
synthetic_experiment/stage_1/weibull/weibull.csv,SampEn,1,8,"131;145;157;166;252;284;663;669",52,3,adaptive,,0.110000,0.42
synthetic_experiment/stage_1/beta-exponential/beta-exponential.csv,ApEn,1,3,"252;559;574",48,4,adaptive,,0.410000,0.24
synthetic_experiment/stage_1/beta-uniform/beta-uniform.csv,ApEn,1,4,"137;160;245;276",40,5,adaptive,,0.210000,0.08
synthetic_experiment/stage_1/beta-weibull/beta-weibull.csv,ApEn,1,1,"255",40,6,adaptive,,0.270000,0.1
synthetic_experiment/stage_1/beta/beta.csv,ApEn,1,7,"255;256;395;409;410;442;443",48,7,adaptive,,0.300000,0.024
synthetic_experiment/stage_1/exponential-beta/exponential-beta.csv,ApEn,1,1,"248",44,4,adaptive,,0.100000,0.1
synthetic_experiment/stage_1/exponential-normal/exponential-normal.csv,ApEn,1,4,"102;103;246;434",44,2,adaptive,,0.060000,0.24
synthetic_experiment/stage_1/exponential-uniform/exponential-uniform.csv,ApEn,1,1,"249",60,3,adaptive,,0.270000,0.24
synthetic_experiment/stage_1/exponential-weibull/exponential-weibull.csv,ApEn,1,3,"66;250;251",64,6,adaptive,,0.450000,0.24
synthetic_experiment/stage_1/exponential/exponential.csv,ApEn,1,1,"248",44,2,adaptive,,0.040000,0.24
synthetic_experiment/stage_1/normal-exponential/normal-exponential.csv,ApEn,1,4,"59;63;247;248",64,7,adaptive,,0.440000,0.0484
synthetic_experiment/stage_1/normal-uniform/normal-uniform.csv,ApEn,1,8,"254;256;740;741;744;745;781;782",40,7,adaptive,,0.500000,0.04
synthetic_experiment/stage_1/normal-weibull/normal-weibull.csv,ApEn,1,4,"106;150;254;255",56,7,adaptive,,0.480000,0.06
synthetic_experiment/stage_1/normal/normal.csv,ApEn,1,3,"234;247;836",52,3,adaptive,,0.230000,0.24
synthetic_experiment/stage_1/uniform-exponential/uniform-exponential.csv,ApEn,1,4,"203;252;788;902",48,4,adaptive,,0.420000,0.24
synthetic_experiment/stage_1/uniform-normal/uniform-normal.csv,ApEn,1,1,"255",52,6,adaptive,,0.270000,0.04
synthetic_experiment/stage_1/uniform-uniform/uniform-uniform.csv,ApEn,1,4,"254;420;569;717",40,3,adaptive,,0.230000,0.24
synthetic_experiment/stage_1/uniform-weibull/uniform-weibull.csv,ApEn,1,2,"251;259",44,4,adaptive,,0.430000,0.38
synthetic_experiment/stage_1/weibull-exponential/weibull-exponential.csv,ApEn,1,2,"249;302",52,4,adaptive,,0.170000,0.4
synthetic_experiment/stage_1/weibull-uniform/weibull-uniform.csv,ApEn,1,1,"250",60,3,adaptive,,0.290000,0.24
synthetic_experiment/stage_1/weibull-weibull/weibull-weibull.csv,ApEn,1,8,"130;163;170;183;201;219;248;984",64,5,adaptive,,0.140000,0.044
synthetic_experiment/stage_1/weibull/weibull.csv,ApEn,1,2,"238;245",60,7,adaptive,,0.270000,0.08
synthetic_experiment/stage_1/beta-exponential/beta-exponential.csv,BubbleEn,1,6,"254;307;326;346;742;767",96,7,NA,,,0.02,time_delay=5
synthetic_experiment/stage_1/beta-uniform/beta-uniform.csv,BubbleEn,1,2,"237;250",104,6,NA,,,0.24,time_delay=6
synthetic_experiment/stage_1/beta-weibull/beta-weibull.csv,BubbleEn,1,17,"46;255;259;367;400;433;437;443;472;484;505;509;512;585;588;725;726",64,7,NA,,,0.24,time_delay=1
synthetic_experiment/stage_1/exponential-beta/exponential-beta.csv,BubbleEn,1,18,"83;138;152;168;194;244;255;266;382;412;424;541;546;618;722;794;795;947",48,4,NA,,,0.46,time_delay=1
synthetic_experiment/stage_1/normal-beta/normal-beta.csv,BubbleEn,1,19,"145;193;234;246;283;285;332;386;655;675;676;787;795;811;817;853;898;925;957",64,7,NA,,,0.24,time_delay=1
synthetic_experiment/stage_1/normal-exponential/normal-exponential.csv,BubbleEn,1,4,"246;607;809;970",48,4,NA,,,0.46,time_delay=1
synthetic_experiment/stage_1/normal-normal/normal-normal.csv,BubbleEn,1,6,"48;249;404;580;588;976",92,6,NA,,,0.24,time_delay=5
synthetic_experiment/stage_1/normal-weibull/normal-weibull.csv,BubbleEn,1,5,"117;155;252;755;878",120,4,NA,,,0.24,time_delay=3
synthetic_experiment/stage_1/uniform-beta/uniform-beta.csv,BubbleEn,1,8,"231;246;457;478;591;601;937;945",52,7,NA,,,0.02,time_delay=5
synthetic_experiment/stage_1/uniform-exponential/uniform-exponential.csv,BubbleEn,1,8,"251;252;662;671;773;797;927;928",60,7,NA,,,0.02,time_delay=5
synthetic_experiment/stage_1/uniform-normal/uniform-normal.csv,BubbleEn,1,4,"234;248;562;889",100,6,NA,,,0.24,time_delay=6
synthetic_experiment/stage_1/uniform-weibull/uniform-weibull.csv,BubbleEn,1,9,"231;247;435;440;547;559;664;677;958",56,7,NA,,,0.02,time_delay=6
synthetic_experiment/stage_1/weibull-beta/weibull-beta.csv,BubbleEn,1,19,"43;44;59;65;68;72;81;84;86;98;120;250;277;445;549;589;634;925;942",68,7,NA,,,0.24,time_delay=1
synthetic_experiment/stage_1/weibull-exponential/weibull-exponential.csv,BubbleEn,1,11,"52;180;151;198;210;245;411;721;726;868;913",80,7,NA,,,0.022,time_delay=4
synthetic_experiment/stage_1/weibull-weibull/weibull-weibull.csv,BubbleEn,1,23,"96;106;211;248;267;296;324;356;545;563;600;628;651;661;667;669;675;690;744;774;796;828;954",104,7,NA,,,0.02,time_delay=6
synthetic_experiment/stage_1/weibull/weibull.csv,BubbleEn,1,15,"236;247;277;283;284;307;309;347;321;324;341;347;355;897;925",64,7,NA,,,0.02,time_delay=3
synthetic_experiment/stage_1/beta-beta/beta-beta.csv,DispEn,1,3,"251;252;321",108,2,NA,,,0.02662,tau=4,classes=6
synthetic_experiment/stage_1/beta-exponential/beta-exponential.csv,DispEn,1,1,"245",116,2,NA,,,0.0242,tau=6,classes=5
synthetic_experiment/stage_1/beta-normal/beta-normal.csv,DispEn,1,14,"70;72;87;245;431;645;646;651;652;654;685;756;757;863",100,2,NA,,,0.022,tau=5,classes=6
synthetic_experiment/stage_1/beta-uniform/beta-uniform.csv,DispEn,1,5,"180;242;186;248;249",120,2,NA,,,0.044,tau=2,classes=9
synthetic_experiment/stage_1/beta/beta.csv,DispEn,1,4,"247;249;289;837",112,2,NA,,,0.022,tau=1,classes=8
synthetic_experiment/stage_1/exponential-beta/exponential-beta.csv,DispEn,1,8,"63;140;195;255;204;208;209;211",116,2,NA,,,0.022,tau=1,classes=4
synthetic_experiment/stage_1/exponential-exponential/exponential-exponential.csv,DispEn,1,7,"93;153;154;155;250;411;456",120,2,NA,,,0.02,tau=5,classes=4
synthetic_experiment/stage_1/exponential-normal/exponential-normal.csv,DispEn,1,7,"247;492;609;638;891;911;917",96,2,NA,,,0.022,tau=4,classes=8
synthetic_experiment/stage_1/exponential-weibull/exponential-weibull.csv,DispEn,1,6,"249;387;395;396;739;941",120,3,NA,,,0.02,tau=4,classes=4
synthetic_experiment/stage_1/exponential/exponential.csv,DispEn,1,11,"252;420;564;605;665;610;670;687;701;744;906",116,2,NA,,,0.02,tau=5,classes=10
synthetic_experiment/stage_1/normal-beta/normal-beta.csv,DispEn,1,2,"247;276",116,2,NA,,,0.02,tau=2,classes=4
synthetic_experiment/stage_1/normal-exponential/normal-exponential.csv,DispEn,1,1,"253",104,2,NA,,,0.022,tau=4,classes=5
synthetic_experiment/stage_1/normal-normal/normal-normal.csv,DispEn,1,1,"248",112,2,NA,,,0.02,tau=4,classes=4
synthetic_experiment/stage_1/normal-uniform/normal-uniform.csv,DispEn,1,1,"248",116,2,NA,,,0.02,tau=1,classes=9
synthetic_experiment/stage_1/normal-weibull/normal-weibull.csv,DispEn,1,1,"247",92,2,NA,,,0.02,tau=6,classes=4
synthetic_experiment/stage_1/normal/normal.csv,DispEn,1,3,"245;316;556",104,2,NA,,,0.02,tau=3,classes=10
synthetic_experiment/stage_1/uniform-beta/uniform-beta.csv,DispEn,1,1,"253",120,2,NA,,,0.022,tau=4,classes=7
synthetic_experiment/stage_1/uniform-exponential/uniform-exponential.csv,DispEn,1,3,"247;376;675",112,2,NA,,,0.024,tau=5,classes=8
synthetic_experiment/stage_1/uniform-normal/uniform-normal.csv,DispEn,1,2,"229;249",116,2,NA,,,0.02,tau=3,classes=7
synthetic_experiment/stage_1/uniform-uniform/uniform-uniform.csv,DispEn,1,1,"254",104,2,NA,,,0.04,tau=4,classes=9
synthetic_experiment/stage_1/uniform-weibull/uniform-weibull.csv,DispEn,1,9,"250;370;429;580;784;863;873;889;895",112,2,NA,,,0.02,tau=2,classes=10
synthetic_experiment/stage_1/uniform/uniform.csv,DispEn,1,1,"250",108,2,NA,,,0.02,tau=2,classes=4
synthetic_experiment/stage_1/weibull-beta/weibull-beta.csv,DispEn,1,7,"100;159;160;161;198;254;864",116,2,NA,,,0.02,tau=2,classes=9
synthetic_experiment/stage_1/weibull-normal/weibull-normal.csv,DispEn,1,2,"255;625",120,3,NA,,,0.0242,tau=6,classes=4
synthetic_experiment/stage_1/weibull-uniform/weibull-uniform.csv,DispEn,1,5,"250;767;828;829;773",120,2,NA,,,0.02,tau=2,classes=4
synthetic_experiment/stage_1/weibull-weibull/weibull-weibull.csv,DispEn,1,1,"251",116,2,NA,,,0.02662,tau=4,classes=9
synthetic_experiment/stage_1/weibull/weibull.csv,DispEn,1,4,"247;350;353;407",104,2,NA,,,0.0242,tau=3,classes=9
synthetic_experiment/stage_1/beta-beta/beta-beta.csv,SlopeEn,1,10,"56;249;250;276;277;278;279;396;397;431",44,5,NA,,,0.022,gamma=0.4,delta=0.2
synthetic_experiment/stage_1/beta-exponential/beta-exponential.csv,SlopeEn,1,1,"252",48,6,NA,,,0.02,gamma=2,delta=0.2
synthetic_experiment/stage_1/beta-normal/beta-normal.csv,SlopeEn,1,3,"243;244;245",76,7,NA,,,0.022,gamma=0.8,delta=0
synthetic_experiment/stage_1/beta-uniform/beta-uniform.csv,SlopeEn,1,1,"249",60,7,NA,,,0.02,gamma=0.8,delta=0.001
synthetic_experiment/stage_1/exponential-beta/exponential-beta.csv,SlopeEn,1,1,"246",56,6,NA,,,0.022,gamma=0.4,delta=0.1
synthetic_experiment/stage_1/exponential-exponential/exponential-exponential.csv,SlopeEn,1,4,"250;630;631;632",56,6,NA,,,0.022,gamma=1.8,delta=0.1
synthetic_experiment/stage_1/exponential-normal/exponential-normal.csv,SlopeEn,1,5,"254;255;356;357;358",56,5,NA,,,0.0322102,gamma=0.4,delta=0.2
synthetic_experiment/stage_1/exponential/exponential.csv,SlopeEn,1,2,"254;255",60,6,NA,,,0.02,gamma=2,delta=0.2
synthetic_experiment/stage_1/normal-exponential/normal-exponential.csv,SlopeEn,1,16,"221;222;223;224;250;251;360;361;362;543;544;632;633;634;829;877",88,3,NA,,,0.02,gamma=1.4,delta=0.11
synthetic_experiment/stage_1/normal-normal/normal-normal.csv,SlopeEn,1,3,"248;260;261",56,6,NA,,,0.02,gamma=2,delta=0.05
synthetic_experiment/stage_1/normal-uniform/normal-uniform.csv,SlopeEn,1,1,"254",84,6,NA,,,0.022,gamma=0.4,delta=0
synthetic_experiment/stage_1/normal-weibull/normal-weibull.csv,SlopeEn,1,1,"253",44,6,NA,,,0.02,gamma=1.4,delta=0
synthetic_experiment/stage_1/normal/normal.csv,SlopeEn,1,2,"253;588",76,5,NA,,,0.02,gamma=1.8,delta=0
synthetic_experiment/stage_1/uniform-beta/uniform-beta.csv,SlopeEn,1,5,"250;251;559;560;561",48,6,NA,,,0.02,gamma=1.8,delta=0.1331
synthetic_experiment/stage_1/uniform-normal/uniform-normal.csv,SlopeEn,1,5,"255;256;412;413;414",80,7,NA,,,0.02,gamma=0.6,delta=0
synthetic_experiment/stage_1/uniform-uniform/uniform-uniform.csv,SlopeEn,1,14,"253;254;302;303;304;967;968;969;975;976;995;996;997;998",56,7,NA,,,0.02,gamma=1,delta=0.1
synthetic_experiment/stage_1/uniform-weibull/uniform-weibull.csv,SlopeEn,1,7,"180;181;182;183;245;246;247",72,7,NA,,,0.022,gamma=0.8,delta=0.05
synthetic_experiment/stage_1/uniform/uniform.csv,SlopeEn,1,22,"254;323;324;325;493;555;689;690;691;692;693;694;695;699;700;701;749;750;755;756;757;758",68,5,NA,,,0.02,gamma=1.6,delta=0.1
synthetic_experiment/stage_1/weibull-normal/weibull-normal.csv,SlopeEn,1,1,"254",88,4,NA,,,0.02,gamma=0.72,delta=0.1
synthetic_experiment/stage_1/weibull-uniform/weibull-uniform.csv,SlopeEn,1,2,"253;254",64,6,NA,,,0.02,gamma=1,delta=0.05
synthetic_experiment/stage_1/weibull-weibull/weibull-weibull.csv,SlopeEn,1,17,"179;180;181;182;183;252;563;564;579;736;737;738;739;740;864;865;866",80,7,NA,,,0.02,gamma=1.6,delta=0
synthetic_experiment/stage_1/weibull/weibull.csv,SlopeEn,1,1,"249",48,6,NA,,,0.022,gamma=0.6,delta=0.2
